kpi,value
annuity_total,5848.86486885972
variable_costs_total,84.20167925470277
system_cost_total,5933.066548114423
total_upfront_investments,20771.930750000003
