{
    "-62.08": {
        "xgaps": [
            0,
            1,
            2,
            3,
            4,
            5,
            6,
            7,
            8,
            9
        ],
        "fbifacials": [
            0.3248374521795682,
            0.3313818667285072,
            0.33277065659860894,
            0.3377617260434178,
            0.3373518754610322,
            0.33734746890136863,
            0.3365063859754869,
            0.3394172396764187,
            0.3384813584701816,
            0.3381266681973923
        ],
        "fshadings": [
            0.9238428446365552,
            0.9530599991792738,
            0.9684714647224579,
            0.9740392580636335,
            0.9807914384592239,
            0.9834806760047053,
            0.9834053456624626,
            0.9868928651547071,
            0.9854632218969716,
            0.9870131042595686
        ],
        "azimuth": 0,
        "tilt": 62,
        "pitch": 20.34
    },
    "-34.82": {
        "xgaps": [
            0,
            1,
            2,
            3,
            4,
            5,
            6,
            7,
            8,
            9
        ],
        "fbifacials": [
            0.1321013356863701,
            0.1716778767484892,
            0.19091977218292505,
            0.20317920506077897,
            0.21157134177888232,
            0.2145511078042497,
            0.217164873915553,
            0.219776837388436,
            0.22270339088003907,
            0.22343733892769405
        ],
        "fshadings": [
            0.4538447111172102,
            0.6941019528453517,
            0.7830978171438218,
            0.8306885751776543,
            0.8601032680603736,
            0.8826904101637096,
            0.8942154402357428,
            0.9087556098535472,
            0.9110314358249756,
            0.9195325825394579
        ],
        "azimuth": 0,
        "tilt": 35,
        "pitch": 3.05
    },
    "-30.27": {
        "xgaps": [
            0,
            1,
            2,
            3,
            4,
            5,
            6,
            7,
            8,
            9
        ],
        "fbifacials": [
            0.1045886160719598,
            0.1501619489344602,
            0.17159054696432954,
            0.18293843937670493,
            0.19094360443956573,
            0.19525924415053922,
            0.1988637174832397,
            0.20094988149506882,
            0.2029293663248305,
            0.20479833216080048
        ],
        "fshadings": [
            0.38783726955476616,
            0.6570340087515563,
            0.7663409242508167,
            0.8146719230517202,
            0.8500212600202407,
            0.8736141754377318,
            0.8930739379370948,
            0.9030906166357978,
            0.9137475042158799,
            0.9216880713700447
        ],
        "azimuth": 0,
        "tilt": 30,
        "pitch": 2.68
    },
    "-19.01": {
        "xgaps": [
            0,
            1,
            2,
            3,
            4,
            5,
            6,
            7,
            8,
            9
        ],
        "fbifacials": [
            0.06643423637655466,
            0.13004924580317068,
            0.15835864134558147,
            0.1728863026085228,
            0.18159444012926113,
            0.18740423114859253,
            0.19232329869824047,
            0.19478841753516107,
            0.1962439592797444,
            0.19761057647884797
        ],
        "fshadings": [
            0.22220677768241426,
            0.5767355742551835,
            0.7142739023034224,
            0.7817799549263303,
            0.8262191779102408,
            0.8523525129172309,
            0.8682718604421279,
            0.8853493052493723,
            0.8936978976255516,
            0.9031405333002787
        ],
        "azimuth": 0,
        "tilt": 19,
        "pitch": 2.16
    },
    "-9.54": {
        "xgaps": [
            0,
            1,
            2,
            3,
            4,
            5,
            6,
            7,
            8,
            9
        ],
        "fbifacials": [
            0.04649630800541305,
            0.12336077427666794,
            0.15573264322121408,
            0.17225455046206842,
            0.18281071515115208,
            0.18921318553419153,
            0.19336593559503337,
            0.19626713835274967,
            0.198097570331775,
            0.19948822483333495
        ],
        "fshadings": [
            0.12751032206241902,
            0.5317333055811253,
            0.6795793488393909,
            0.7593913002691183,
            0.8043866977022345,
            0.8354883470042274,
            0.8576480590066664,
            0.8712548414899418,
            0.8824363350668691,
            0.8934888043293444
        ],
        "azimuth": 0,
        "tilt": 10,
        "pitch": 1.91
    },
    "-2.53": {
        "xgaps": [
            0,
            1,
            2,
            3,
            4,
            5,
            6,
            7,
            8,
            9
        ],
        "fbifacials": [
            0.03310927594844877,
            0.11979069165946178,
            0.15471215002510438,
            0.17168195011526494,
            0.18412023495447571,
            0.19052128509500432,
            0.1958589865215713,
            0.1985064042273883,
            0.20102127976405362,
            0.20179552760368757
        ],
        "fshadings": [
            0.060101213889955825,
            0.498120691771973,
            0.6612804753735891,
            0.7407818591202817,
            0.7889637612679333,
            0.8189817888347355,
            0.841611983235095,
            0.8612114344671759,
            0.8723613690813432,
            0.8815327148805991
        ],
        "azimuth": 0,
        "tilt": 3,
        "pitch": 1.78
    },
    "14.6": {
        "xgaps": [
            0,
            1,
            2,
            3,
            4,
            5,
            6,
            7,
            8,
            9
        ],
        "fbifacials": [
            0.05902860293044734,
            0.12887568571438698,
            0.15921798529348916,
            0.17490789545866936,
            0.18485950144662552,
            0.189794062511692,
            0.19502073659851493,
            0.19707341751353577,
            0.19976875382892062,
            0.20103125103511935
        ],
        "fshadings": [
            0.18310406968400972,
            0.5573896998397629,
            0.7053954161372189,
            0.7802223010083464,
            0.8256168084568629,
            0.8503253006245124,
            0.8705545185911253,
            0.8857485683187422,
            0.8984117412511402,
            0.9060451782147098
        ],
        "azimuth": 180,
        "tilt": 15,
        "pitch": 2.04
    },
    "18.35": {
        "xgaps": [
            0,
            1,
            2,
            3,
            4,
            5,
            6,
            7,
            8,
            9
        ],
        "fbifacials": [
            0.06833067822265279,
            0.1319634758162276,
            0.1604154210408632,
            0.17535898954419413,
            0.18429723701267012,
            0.18927692189937706,
            0.19336202760291188,
            0.195874873371768,
            0.19762021607394073,
            0.19923683227480385
        ],
        "fshadings": [
            0.22677128779579747,
            0.5770389934747923,
            0.7060308955093552,
            0.7789239460043025,
            0.8197827857953688,
            0.846274414953998,
            0.8643571638366951,
            0.8811179677391187,
            0.8893051586451065,
            0.8981559689377883
        ],
        "azimuth": 180,
        "tilt": 18,
        "pitch": 2.13
    },