kpi,value
annuity_total,7681.164190088763
variable_costs_total,236.48111344644312
system_cost_total,7917.645303535206
total_upfront_investments,78165.73990599999
specific_system_cost,0.024861993565907774
land_requirement_additional,614.1690072191616
land_requirement_total,696.2590085787435
total_water_footprint,2692345.611550584
