kpi,value
annuity_total,312.04707055285996
variable_costs_total,1164.0491205201774
system_cost_total,1476.0961910730375
total_upfront_investments,3216.04410598
specific_system_cost,0.18103983015451514
land_requirement_additional,25.622586329805635
land_requirement_total,25.622586329805635
total_water_footprint,136481.64480895054
